"id","login","score","levels","skill.tree","avatar.complexity","degree.centrality.rank"
1,38,14.5503446389055,3.78308960611544,33.5503446389055,4.3,497
2,100,18.4206807439524,5.89461783806476,23.4206807439524,10.6,449
3,56,8.0507033814703,0.644056270517624,36.0507033814703,6.6,444
4,90,22.4990483516513,0.899961934066053,35.4990483516513,19.4,167
5,29,10.1018874899594,1.01018874899594,31.1018874899594,3.7,130
6,95,13.6616306748016,4.64495442943255,33.6616306748016,20.8,259
7,79,21.8472392623351,7.42806134919394,71.8472392623351,8.2,351
8,28,13.3288180407008,0.266576360814016,37.3288180407008,5.8,145
9,53,19.8514595677606,6.74949625303861,49.8514595677606,12.6,286
10,62,4.12713438504509,1.48576837861623,54.1271343850451,7,424
11,3,2.19722457733622,0.834945339387763,19.1972245773362,2.2,468
12,34,10.5790815738485,1.05790815738485,49.5790815738485,8,486
13,88,8.95467362895641,0.358186945158257,32.9546736289564,9,265
14,49,19.4591014905531,0.389182029811063,69.4591014905531,10,426
15,68,16.8780308207044,1.35024246565635,24.8780308207044,15.2,292
16,31,17.1699360224257,3.09058848403663,29.1699360224257,7.2,402
17,70,21.2424762102468,0.424849524204936,36.2424762102468,7.4,356
18,2,2.07944154167984,0.831776616671934,40.0794415416798,1.8,91
19,33,10.4895226843994,3.56643771269581,52.4895226843994,3.9,484
20,97,13.7241329355101,3.01930924581223,19.7241329355101,21.4,194
21,34,14.1054420984646,1.41054420984646,38.1054420984646,3.7,305
22,86,17.817389185014,6.05791232290477,40.817389185014,17.8,32
23,62,16.5085375401804,0.330170750803607,27.5085375401804,6.5,231
24,13,5.12989871492307,2.05195948596923,29.1298987149231,4.4,172
25,35,3.55534806148941,0.284427844919153,38.5553480614894,8.4,463
26,48,19.3560050545395,3.09696080872631,40.3560050545395,5.5,416
27,57,12.1291538035037,0.727749228210219,51.1291538035037,11.8,34
28,18,11.5614870315847,3.69967585010709,24.5614870315847,2.5,4
29,31,10.3019616134554,3.70870618084396,48.3019616134554,6.6,348
30,89,8.97727273946428,2.33409091226071,13.9772727394643,9.3,260
31,83,17.6753624311864,1.06052174587118,40.6753624311864,8.7,311
32,96,4.56434819146784,1.55187838509906,21.5643481914678,10.3,312
33,96,22.8217409573392,2.7386089148807,30.8217409573392,10.1,298
34,28,3.3322045101752,0.666440902035041,27.3322045101752,6.8,347
35,90,13.4994290109908,3.50985154285761,14.4994290109908,9.8,191
36,43,7.52240023138712,1.50448004627743,29.5224002313871,10.6,253
37,25,16.094379124341,2.25321307740774,40.094379124341,3.4,113
38,79,4.36944785246702,0.524333742296043,7.36944785246702,17.4,233
39,47,7.70029520342012,2.77210627323124,43.7002952034201,5,464
40,24,12.7122153213918,3.30517598356186,52.7122153213918,3.3,154
41,25,6.4377516497364,1.28755032994728,32.4377516497364,3,218
42,55,16.0293327409299,2.88527989336738,43.0293327409299,12,50
43,18,2.89037175789616,0.289037175789616,41.8903717578962,2,147
44,58,16.2417720421857,3.89802529012456,53.2417720421857,6,29
45,33,10.4895226843994,2.30769499056788,51.4895226843994,7.4,346
46,53,19.8514595677606,2.38217514813127,33.8514595677606,6.2,142
47,16,13.8629436111989,3.32710646668774,37.8629436111989,2.4,433
48,49,19.4591014905531,5.83773044716594,42.4591014905531,5.6,201
49,23,15.6774710796457,6.2709884318583,64.6774710796458,3.3,437
50,26,3.25809653802148,0.716781238364726,21.2580965380215,3.5,98
51,84,13.2924503965299,3.45603710309778,14.2924503965299,9.3,170
52,36,10.7505568153683,0.215011136307367,56.7505568153683,8,394
53,86,22.2717364812675,4.89978202587886,25.2717364812675,9.6,379
54,98,13.7549024360117,1.92568634104164,38.7549024360117,10.7,76
55,72,21.3833305950803,8.55333223803211,45.3833305950803,7.7,251
56,55,20.0366659261624,4.00733318523247,40.0366659261624,6.1,165
57,4,1.38629436111989,0.138629436111989,30.3862943611199,1.2,375
58,56,4.02535169073515,1.52963364247936,23.0253516907351,11.4,86
59,96,4.56434819146784,1.00415660212292,5.56434819146784,20.8,327
60,51,3.93182563272433,1.02227466450832,13.9318256327243,6.1,234
61,38,14.5503446389055,3.49208271333733,49.5503446389055,9,480
62,34,10.5790815738485,2.75056120920061,44.5790815738485,8.2,58
63,87,8.93181623730917,2.50090854644657,53.9318162373092,9,258
64,41,7.42714413340862,1.18834306134538,15.4271441334086,5.1,447
65,59,4.07753744390572,0.815507488781144,7.07753744390572,13,64
66,39,10.9906849383889,1.97832328891001,30.9906849383889,4.4,357
67,1,0,0,46,0.8,51
68,46,3.8286413964891,0.612582623438255,43.8286413964891,10,452
69,64,4.15888308335967,0.998131940006321,27.1588830833597,6.5,56
70,16,11.0903548889591,0.221807097779183,33.0903548889591,3.4,330
71,58,20.3022150527321,4.06044301054642,32.3022150527321,5.9,281
72,100,4.60517018598809,0.0921034037197618,46.6051701859881,11,384
73,68,21.0975385258805,2.53170462310566,59.0975385258805,14,119
74,40,11.0666383623418,3.98398981044305,28.0666383623418,4.6,94
75,94,4.54329478227,1.4538543303264,8.54329478227,20.6,289
76,5,6.4377516497364,2.06008052791565,12.4377516497364,1.4,206
77,69,12.7023195137918,0.254046390275836,17.7023195137918,7.9,314
78,94,4.54329478227,0.999524852099401,38.54329478227,19,369
79,42,3.73766961828337,1.42031445494768,26.7376696182834,4.8,228
80,44,3.78418963391826,0.378418963391826,46.7841896339183,10,95
81,44,18.9209481695913,3.40577067052643,20.9209481695913,10.6,290
82,11,11.9894763639919,3.11726385463788,57.9894763639919,2.8,482
83,38,14.5503446389055,4.07409649889355,56.5503446389055,9,182
84,55,16.0293327409299,5.12938647709756,20.0293327409299,11.6,453
85,85,17.7706050259613,4.97576940726915,55.7706050259613,18.2,31
86,95,9.10775378320108,3.27879136195239,30.1077537832011,9.9,150
87,12,7.454719949364,2.2364159848092,42.454719949364,4,164
88,1,0,0,41,0.6,279
89,46,7.65728279297819,1.07201959101695,48.6572827929782,5.3,492
90,2,2.07944154167984,0.291121815835177,52.0794415416798,2.4,487
91,33,10.4895226843994,2.30769499056788,48.4895226843994,3.5,173
92,12,12.42453324894,1.7394346548516,40.42453324894,3,499
93,48,7.74240202181578,1.08393628305421,47.7424020218158,5.7,319
94,33,6.99301512293296,2.37762514179721,29.993015122933,4.1,365
95,3,5.49306144334055,1.31833474640173,25.4930614433406,0.8,418
96,80,8.76405326934776,0.175281065386955,37.7640532693478,16.2,117
97,12,7.454719949364,0.59637759594912,51.454719949364,2,478
98,34,3.52636052461616,0.634744894430909,21.5263605246162,4.2,73
99,73,21.452297205742,0.429045944114839,70.452297205742,8.1,202
100,96,22.8217409573392,8.21582674464211,61.8217409573392,9.9,129
101,77,21.7190271092684,7.38446921715126,56.7190271092684,8.2,446
102,32,6.93147180559945,2.21807097779182,21.9314718055995,3.4,17
103,57,16.1722050713382,2.26410870998735,50.1722050713382,13,125
104,53,3.97029191355212,1.50871092714981,21.9702919135521,6.2,57
105,33,17.4825378073324,3.84615831761313,64.4825378073324,4.2,25
106,61,20.5543693208666,4.93304863700797,29.5543693208666,14.2,137
107,22,15.4552122667916,5.8729806613808,31.4552122667916,5.4,195
108,28,13.3288180407008,3.99864541221024,19.3288180407008,3.7,138
109,77,8.68761084370737,2.08502660248977,55.6876108437074,7.9,496
110,51,19.6591281636216,7.47046870217622,33.6591281636216,11.2,278
111,37,3.61091791264422,0.577746866023076,12.6109179126442,8.4,5
112,18,5.78074351579233,1.38737844379016,51.7807435157923,5.4,366
113,97,18.2988439140135,1.82988439140135,66.2988439140135,10.3,282
114,37,7.22183582528845,1.58880388156346,35.2218358252885,4.2,396
115,33,6.99301512293296,0.279720604917318,53.993015122933,7.8,24
116,3,2.19722457733622,0.307611440827071,36.1972245773362,0.5,171
117,33,17.4825378073324,3.49650756146648,18.4825378073324,3.6,288
118,24,6.35610766069589,1.52546583856701,12.3561076606959,3.3,161
119,64,20.7944154167984,4.57477139169564,70.7944154167984,13.4,261
120,92,18.0871543081962,2.17045851698354,57.0871543081962,20,53
121,48,3.87120101090789,0.154848040436316,40.8712010109079,5.4,68
122,36,7.16703787691222,1.14672606030596,31.1670378769122,7.4,43
123,63,8.28626945278307,3.14878239205756,13.2862694527831,14,383
124,45,11.419987469311,2.96919674202085,19.419987469311,5.1,156
125,61,16.4434954566932,1.31547963653546,47.4434954566932,7,442
126,60,20.4717228111105,2.04717228111105,53.4717228111105,7,2
127,80,17.5281065386955,3.5056213077391,34.5281065386955,8.7,63
128,76,8.66146668057266,1.21260533528017,40.6614666805727,8.4,389
129,87,17.8636324746183,1.42909059796947,56.8636324746183,8.8,362
130,2,2.07944154167984,0.582243631670354,13.0794415416798,0.8,223
131,7,9.72955074527657,3.50263826829956,27.7295507452766,3.2,26
132,33,6.99301512293296,0.979022117210614,52.993015122933,8.2,133
133,96,13.6930445744035,2.46474802339263,44.6930445744035,20.4,485
134,4,1.38629436111989,0.24953298500158,8.38629436111989,0.8,79
135,1,0,0,27,0.8,134
136,1,0,0,26,1,93
137,5,6.4377516497364,1.54506039593674,44.4377516497364,2.2,88
138,93,4.53259949315326,0.815867908767586,45.5325994931533,20.2,341
139,51,19.6591281636216,1.57273025308973,57.6591281636216,5.5,345
140,48,11.6136030327237,1.62590442458131,13.6136030327237,10.8,62
141,58,16.2417720421857,6.49670881687427,24.2417720421857,6.1,146
142,63,12.4294041791746,1.24294041791746,27.4294041791746,14.6,18
143,92,22.6089428852452,6.78268286557356,31.6089428852452,10.1,72
144,81,8.78889830934488,3.33978135755105,9.78889830934488,8.3,494
145,15,2.70805020110221,0.487449036198398,50.7080502011022,2,306
146,73,21.452297205742,2.1452297205742,62.452297205742,15.8,337
147,77,13.0314162655611,0.260628325311221,43.031416265561,8.5,342
148,96,13.6930445744035,4.65563515529719,18.6930445744035,10.1,144
149,17,2.83321334405622,0.509978401930119,49.8332133440562,2.7,70
150,41,3.71357206670431,0.594171530672689,30.7135720667043,9,241
151,27,3.29583686600433,0.131833474640173,15.2958368660043,2.9,370
152,75,17.2699524541452,4.83558668716067,60.2699524541452,7.7,96
153,65,8.34877453979127,1.00185294477495,40.3487745397913,13.6,107
154,48,7.74240202181578,0.774240202181578,14.7424020218158,5.3,388
155,90,22.4990483516513,0.899961934066053,54.4990483516513,19,9
156,69,4.23410650459726,1.52427834165501,14.2341065045973,7.7,500
157,67,21.0234630969548,0.420469261939097,31.0234630969548,14.6,324
158,18,2.89037175789616,0.867111527368849,4.89037175789616,2,44
159,22,12.3641698134333,2.72011735895532,22.3641698134333,2.8,422
160,59,8.15507488781144,2.2834209685872,50.1550748878114,6.2,297
161,66,8.37930948405285,2.51379284521586,44.3793094840529,14.2,152
162,46,7.65728279297819,1.83774787031477,9.65728279297819,10.4,455
163,76,17.3229333611453,1.38583466889163,37.3229333611453,7.9,122
164,73,17.1618377645936,1.71618377645936,64.1618377645936,14.8,61
165,79,17.4777914098681,3.49555828197362,51.4777914098681,8.9,179
166,70,21.2424762102468,0.424849524204936,35.2424762102468,7.2,439
167,80,17.5281065386955,2.45393491541737,35.5281065386955,17.2,205
168,36,14.3340757538244,3.15349666584138,53.3340757538244,4.4,235
169,22,6.18208490671663,2.10190886828365,39.1820849067166,4.8,451
170,93,22.6629974657663,7.70541913836054,65.6629974657663,19,163
171,94,4.54329478227,1.0903907477448,28.54329478227,10.3,69
172,18,11.5614870315847,3.69967585010709,55.5614870315847,2.8,462
173,65,12.5231618096869,4.00741177909981,16.5231618096869,6.6,175
174,92,13.5653657311471,4.06960971934414,48.5653657311471,19.8,254
175,4,5.54517744447956,1.2199390377855,53.5451774444796,2.4,491
176,93,13.5977984794598,5.43911939178391,55.5977984794598,10.3,343
177,21,3.04452243772342,0.243561795017874,42.0445224377234,2.7,438
178,15,2.70805020110221,0.541610040220442,48.7080502011022,4.6,27
179,17,14.1660667202811,0.283321334405622,49.1660667202811,4.2,318
180,19,2.94443897916644,0.706665354999946,36.9444389791664,4.8,225
181,52,15.8049748743257,3.79319396983817,28.8049748743257,12.4,303
182,59,12.2326123317172,3.91443594614949,58.2326123317172,12.6,162
183,50,11.7360690162844,1.87777104260551,23.7360690162844,5.8,71
184,42,14.9506784731335,2.99013569462669,48.9506784731335,4.4,192
185,96,22.8217409573392,6.84652228720175,27.8217409573392,10.3,20
186,18,5.78074351579233,1.27176357347431,14.7807435157923,4.8,403
187,61,20.5543693208666,2.87761170492132,51.5543693208666,14,210
188,1,0,0,24,0.8,185
189,74,12.9121952796125,1.032975622369,46.9121952796125,8.3,371
190,15,2.70805020110221,1.02905907641884,13.7080502011022,1.9,7
191,38,7.27517231945277,1.74604135666867,36.2751723194528,4.2,302
192,25,12.8755032994728,4.37767112182075,50.8755032994728,3.5,262
193,67,4.20469261939097,1.00912622865383,14.204692619391,7.2,405
194,67,12.6140778581729,2.01825245730766,19.6140778581729,7.4,199
195,55,12.0219995556974,2.16395992002553,56.0219995556974,12.6,67
196,20,5.99146454710798,1.43795149130592,9.99146454710798,5.2,329
197,52,11.8537311557443,2.13367160803397,17.8537311557443,11.8,209
198,20,8.98719682066197,0.898719682066197,20.987196820662,5.2,338
199,10,6.90775527898214,0.690775527898214,37.9077552789821,2.8,266
200,44,11.3525689017548,1.13525689017548,37.3525689017548,9,155
201,88,8.95467362895641,0.895467362895641,31.9546736289564,9.5,310
202,29,3.36729582998647,0.740805082597024,15.3672958299865,3.9,187
203,56,16.1014067629406,2.89825321732931,41.1014067629406,12.2,301
204,69,12.7023195137918,2.03237112220668,28.7023195137918,14.6,264
205,87,17.8636324746183,3.2154538454313,39.8636324746183,17.8,498
206,23,3.13549421592915,1.12877791773449,39.1354942159291,5.2,248
207,71,17.0507195081653,1.02304317048992,58.0507195081653,14.6,368
208,1,0,0,42,0.2,432
209,60,8.1886891244442,0.327547564977768,43.1886891244442,13.6,153
210,93,13.5977984794598,4.07933954383793,52.5977984794598,9.8,325
211,43,3.76120011569356,0.225672006941614,13.7612001156936,4.6,128
212,69,8.46821300919452,2.37109964257447,29.4682130091945,14.2,448
213,47,11.5504428051302,0.693026568307811,56.5504428051302,10.4,358
214,39,18.3178082306482,4.02991781074261,46.3178082306482,4.6,267
215,6,5.37527840768417,1.39757238599788,24.3752784076842,0.9,354
216,99,13.7853595504038,4.96272943814536,49.7853595504038,21,397
217,80,21.9101331733694,7.01124261547821,30.9101331733694,8.8,436
218,13,10.2597974298461,1.64156758877538,27.2597974298461,1.5,221
219,59,16.3101497756229,3.91443594614949,49.3101497756229,13.2,430
220,99,22.9755992506729,4.13560786512113,49.9755992506729,10.3,11
221,22,15.4552122667916,3.40014669869415,64.4552122667916,6.4,118
222,30,17.0059869083108,5.44191581065945,45.0059869083108,6.2,276
223,77,8.68761084370737,2.43253103623806,43.6876108437074,7.9,443
224,46,7.65728279297819,0.459436967578691,39.6572827929782,5.5,489
225,71,17.0507195081653,5.79724463277619,27.0507195081653,16.2,473
226,67,21.0234630969548,4.20469261939097,35.0234630969548,7.5,364
227,8,10.3972077083992,0.415888308335967,54.3972077083992,1,339
228,38,3.63758615972639,0.218255169583583,9.63758615972639,4.1,104
229,13,10.2597974298461,3.07793922895384,14.2597974298461,4,110
230,85,8.88530251298063,2.31017865337496,23.8853025129806,18,242
231,79,4.36944785246702,1.57300122688813,6.36944785246702,8.8,135
232,82,13.2201577417928,0.52880630967171,21.2201577417928,8.4,294
233,61,16.4434954566932,0.65773981826773,66.4434954566932,6.5,332
234,53,19.8514595677606,3.57326272219691,66.8514595677606,11.2,211
235,45,15.2266499590813,1.2181319967265,23.2266499590813,10,224
236,79,8.73889570493404,1.39822331278945,42.738895704934,17.2,415
237,47,7.70029520342012,2.15608265695763,38.7002952034201,10,295
238,19,14.7221948958322,5.00554626458295,35.7221948958322,4.8,48
239,85,17.7706050259613,2.13247260311535,25.7706050259613,18,198
240,95,18.2155075664022,3.64310151328043,22.2155075664022,10.2,159
241,36,3.58351893845611,0.501692651383855,21.5835189384561,4.1,176
242,49,15.5672811924425,6.226912476977,59.5672811924425,10.2,333
243,60,4.0943445622221,0.327547564977768,48.0943445622221,13.6,285
244,86,13.3630418887605,2.40534753997689,28.3630418887605,8.9,141
245,13,10.2597974298461,0.205195948596923,23.2597974298461,2.2,456
246,58,4.06044301054642,0.974506322531141,40.0604430105464,12.2,387
247,28,3.3322045101752,0.266576360814016,47.3322045101752,7,272
248,47,15.4005904068402,3.69614169764166,64.4005904068402,5,315
249,76,4.33073334028633,0.692917334445813,37.3307333402863,8.6,440
250,24,15.8902691517397,3.17805383034795,17.8902691517397,3.1,87
251,24,9.53416149104384,2.28819875785052,11.5341614910438,2.5,238
252,87,8.93181623730917,2.50090854644657,47.9318162373092,9.4,115
253,67,4.20469261939097,0.336375409551277,23.204692619391,7.3,123
254,94,4.54329478227,0.5451953738724,33.54329478227,19.6,109
255,25,16.094379124341,1.6094379124341,64.094379124341,6.4,8
256,40,11.0666383623418,2.87732597420887,41.0666383623418,8.8,55
257,6,5.37527840768417,0.215011136307367,22.3752784076842,1.8,247
258,83,8.8376812155932,1.59078261880678,28.8376812155932,8.5,45
259,77,8.68761084370737,2.60628325311221,58.6876108437074,15.6,271
260,91,13.5325785195505,3.24781884469213,17.5325785195505,9.2,226
261,38,18.1879307986319,5.82013785556222,24.1879307986319,4.8,148
262,15,5.41610040220442,0.64993204826453,55.4161004022044,2.3,336
263,32,3.46573590279973,0.138629436111989,9.46573590279973,7.2,16
264,19,2.94443897916644,0.706665354999946,34.9444389791664,4,326
265,68,4.21950770517611,0.675121232828177,14.2195077051761,6.9,114
266,48,3.87120101090789,0.0774240202181578,20.8712010109079,11.2,461
267,74,8.60813018640834,1.89378864100984,20.6081301864083,8.2,299
268,63,4.14313472639153,1.40866580697312,34.1431347263915,6.8,323
269,29,6.73459165997295,0.269383666398918,23.7345916599729,3.8,30
270,96,4.56434819146784,0.456434819146784,10.5643481914678,10.2,420
271,37,18.0545895632211,4.33310149517307,41.0545895632211,4.6,392
272,22,15.4552122667916,2.16372971735082,41.4552122667916,3.2,376
273,8,4.15888308335967,1.2476649250079,51.1588830833597,3.6,280
274,25,9.6566274746046,2.3175905939051,21.6566274746046,6,246
275,27,6.59167373200866,1.71383517032225,41.5916737320087,3.5,381
276,79,17.4777914098681,6.64156073574987,38.4777914098681,8.2,35
277,65,16.6975490795825,1.00185294477495,45.6975490795825,7.5,321
278,1,0,0,29,0.4,410
279,35,10.6660441844682,3.6264550227192,54.6660441844682,4.4,287
280,87,17.8636324746183,4.2872717939084,40.8636324746183,9.7,398
281,100,9.21034037197618,2.57889530415333,23.2103403719762,11,481
282,95,18.2155075664022,3.64310151328043,45.2155075664022,9.8,457
283,37,3.61091791264422,0.794401940781729,37.6109179126442,9.2,474
284,69,16.936426018389,4.06474224441337,19.936426018389,7.3,39
285,9,10.9861228866811,0.659167373200866,34.9861228866811,3,181
286,90,13.4994290109908,2.69988580219816,44.4994290109908,9.3,401
287,84,4.43081679884331,0.531698015861198,29.4308167988433,8.7,250
288,42,11.2130088548501,0.448520354194004,61.2130088548501,4.4,335
289,89,13.4659091091964,1.61590909310357,16.4659091091964,9.1,83
290,84,13.2924503965299,5.05113115068138,24.2924503965299,18.8,454
291,55,8.01466637046494,0.801466637046494,43.0146663704649,12.8,390
292,13,7.69484807238461,1.23117569158154,37.6948480723846,3.8,300
293,7,7.78364059622125,0.778364059622125,43.7836405962213,0.9,22
294,99,9.19023970026918,2.94087670408614,22.1902397002692,10.1,423
295,5,4.8283137373023,1.44849412119069,15.8283137373023,1.6,320
296,61,4.11087386417331,1.64434954566932,36.1108738641733,12.4,49
297,11,2.39789527279837,0.239789527279837,22.3978952727984,2.6,393
298,78,21.783544133448,1.74268353067584,37.783544133448,8.4,291
299,46,3.8286413964891,0.0765728279297819,4.8286413964891,10.4,475
300,23,12.5419768637166,4.76595120821231,52.5419768637166,2.6,196
301,99,9.19023970026918,0.919023970026918,15.1902397002692,21.8,304
302,49,11.6754608943319,4.43667513984611,30.6754608943319,5.6,166
303,43,11.2836003470807,0.225672006941614,61.2836003470807,5,85
304,40,7.37775890822787,1.91821731613925,12.3777589082279,9.4,168
305,76,21.6536667014317,3.03151333820043,30.6536667014317,8.1,275
306,13,5.12989871492307,0.820783794387692,35.1298987149231,3.6,344
307,31,13.7359488179406,4.94494157445861,35.7359488179406,3.6,77
308,71,4.26267987704132,1.70507195081653,24.2626798770413,14.8,217
309,58,16.2417720421857,5.52220249434313,42.2417720421857,13.4,103
310,90,17.9992386813211,0.359984773626421,32.9992386813211,19.8,149
311,6,3.58351893845611,1.2900668178442,31.5835189384561,1,458
312,7,9.72955074527657,0.583773044716594,50.7295507452766,2.4,380
313,13,12.8247467873077,3.84742403619231,54.8247467873077,1.5,132
314,64,20.7944154167984,2.07944154167984,23.7944154167984,6.9,268
315,49,15.5672811924425,4.9815299815816,61.5672811924425,5.6,10
316,85,22.2132562824516,6.66397688473547,71.2132562824516,9.1,100
317,35,3.55534806148941,0.213320883689365,23.5553480614894,8,136
318,39,10.9906849383889,3.95664657782002,36.9906849383889,9,207
319,11,2.39789527279837,0.0959158109119348,4.39789527279837,2.6,459
320,20,8.98719682066197,2.87590298261183,55.987196820662,4.4,411
321,80,13.1460799040216,4.46966716736736,43.1460799040216,16.2,219
322,11,7.19368581839511,2.44585317825434,18.1936858183951,2.1,186
323,3,1.09861228866811,0.109861228866811,42.0986122886681,2.4,108
324,58,12.1813290316393,4.38527845139013,21.1813290316393,13,284
325,61,20.5543693208666,7.39957295551196,58.5543693208666,12.4,230
326,60,16.3773782488884,5.24076103964429,41.3773782488884,12.6,399
327,22,6.18208490671663,1.48370037761199,34.1820849067166,2.5,270
328,83,22.094203038983,7.95391309403388,65.094203038983,8.5,239
329,15,8.12415060330663,2.43724518099199,17.1241506033066,4.6,316
330,88,17.9093472579128,5.7309911225321,20.9093472579128,9.8,317
331,25,6.4377516497364,0.515020131978912,41.4377516497364,3.2,409
332,84,17.7232671953733,4.60804947079705,27.7232671953733,8.5,252
333,95,18.2155075664022,3.64310151328043,39.2155075664022,20,472
334,96,9.12869638293567,2.00831320424585,10.1286963829357,9.9,488
335,62,12.3814031551353,3.71442094654058,58.3814031551353,13.6,435
336,52,11.8537311557443,0.474149246229771,52.8537311557443,11.8,101
337,24,15.8902691517397,4.13146997945233,41.8902691517397,5,180
338,81,8.78889830934488,0.175777966186898,18.7888983093449,16.4,19
339,60,12.2830336866663,3.68491010599989,42.2830336866663,6.6,232
340,87,13.3977243559638,0.53590897423855,33.3977243559638,18,466
341,59,16.3101497756229,2.93582695961212,64.3101497756229,6.2,427
342,94,9.08658956454001,0.908658956454001,14.08658956454,10.1,188
343,64,12.476649250079,4.24206074502686,45.476649250079,6.5,412
344,73,4.29045944114839,0.171618377645936,19.2904594411484,15.8,151
345,77,4.34380542185368,0.695008867496589,44.3438054218537,8,237
346,26,6.51619307604296,2.21550564585461,19.516193076043,7.2,470
347,14,7.91717198884577,0.950060638661493,39.9171719888458,4.8,353
348,54,3.98898404656427,1.59559361862571,17.9889840465643,5.7,331
349,26,13.0323861520859,1.30323861520859,26.0323861520859,6.6,82
350,49,7.78364059622125,0.778364059622125,25.7836405962213,10.2,36
351,75,12.9524643406089,3.10859144174614,36.9524643406089,16,431
352,79,21.8472392623351,1.31083435574011,36.8472392623351,8.1,256
353,12,7.454719949364,2.2364159848092,36.454719949364,1.8,177
354,74,17.2162603728167,4.47622769693234,26.2162603728167,7.7,467
355,99,9.19023970026918,3.3084862920969,38.1902397002692,21.6,143
356,11,9.59158109119348,0.19183162182387,40.5915810911935,1.3,360
357,15,5.41610040220442,1.62483012066133,19.4161004022044,3.2,417
358,44,7.56837926783652,1.05957309749711,21.5683792678365,9.4,269
359,81,4.39444915467244,0.966778814027937,43.3944491546724,8.5,215
360,25,12.8755032994728,2.06008052791565,22.8755032994728,2.7,111
361,16,13.8629436111989,2.21807097779182,40.8629436111989,2.5,52
362,89,8.97727273946428,1.97500000268214,27.9772727394643,19,249
363,74,4.30406509320417,0.946894320504918,28.3040650932042,8.2,400
364,19,11.7777559166658,2.82666141999978,55.7777559166658,2.4,178
365,82,22.0335962363213,8.81343849452851,33.0335962363213,8.8,407
366,7,7.78364059622125,2.4907649907908,46.7836405962213,2.2,273
367,37,7.22183582528845,2.3109874640923,50.2218358252885,4.5,367
368,76,21.6536667014317,0.866146668057266,60.6536667014317,17.2,12
369,70,4.24849524204936,0.424849524204936,42.2484952420494,7.2,421
370,19,2.94443897916644,0.294443897916644,28.9444389791664,2.6,23
371,41,3.71357206670431,1.26261450267946,8.71357206670431,4.5,204
372,32,3.46573590279973,0.554517744447956,30.4657359027997,3.8,169
373,19,11.7777559166658,3.76888189333304,50.7777559166658,5.6,92
374,42,18.6883480914168,5.23273746559672,60.6883480914168,10,391
375,1,0,0,47,0.4,203
376,72,12.8299983570482,1.79619976998674,39.8299983570482,7.3,352
377,35,17.7767403074471,3.91088286763835,51.7767403074471,3.8,296
378,76,8.66146668057266,0.346458667222906,36.6614666805727,7.7,126
379,7,7.78364059622125,2.80211061463965,20.7836405962213,1.7,255
380,1,0,0,25,1.2,190
381,15,8.12415060330663,2.59972819305812,14.1241506033066,3.6,80
382,20,2.99573227355399,1.13837826395052,28.995732273554,2.1,41
383,28,16.661022550876,4.99830676526281,66.661022550876,3.7,240
384,79,17.4777914098681,4.5442257665657,45.4777914098681,17.2,374
385,20,2.99573227355399,0.778890391124038,19.995732273554,2.1,13
386,65,20.8719363494782,6.26158090484345,33.8719363494782,7.1,216
387,40,7.37775890822787,0.59022071265823,47.3777589082279,4.5,413
388,57,4.04305126783455,1.53635948177713,19.0430512678345,6,75
389,85,22.2132562824516,6.21971175908644,37.2132562824516,9.5,121
390,54,15.9559361862571,1.27647489490057,40.9559361862571,12.2,377
391,55,4.00733318523247,0.400733318523247,51.0073331852325,11.2,227
392,48,19.3560050545395,5.80680151636184,21.3560050545395,9.8,184
393,9,2.19722457733622,0.263666949280346,32.1972245773362,3.4,414
394,79,4.36944785246702,0.873889570493404,10.369447852467,16.8,37
395,4,1.38629436111989,0.0554517744447956,20.3862943611199,0.8,90
396,62,8.25426877009018,0.495256126205411,53.2542687700902,7.1,21
397,12,4.969813299576,1.19275519189824,39.969813299576,3,293
398,86,8.90869459250701,2.85078226960224,54.908694592507,9.6,38
399,31,13.7359488179406,1.37359488179406,42.7359488179406,7.8,477
400,65,12.5231618096869,1.00185294477495,16.5231618096869,7.4,78
401,65,12.5231618096869,2.50463236193738,52.5231618096869,14.2,328
402,80,17.5281065386955,3.15505917696519,37.5281065386955,8.9,208
403,99,4.59511985013459,0.0919023970026918,13.5951198501346,10.5,355
404,76,17.3229333611453,4.15750400667488,42.3229333611453,8,483
405,53,19.8514595677606,3.97029191355212,22.8514595677606,11.8,476
406,58,4.06044301054642,1.54296834400764,21.0604430105464,12,408
407,12,7.454719949364,0.7454719949364,29.454719949364,2.8,373
408,38,3.63758615972639,0.363758615972639,26.6375861597264,8.6,385
409,79,21.8472392623351,4.80639263771372,71.8472392623351,8.1,47
410,70,8.49699048409872,0.679759238727897,26.4969904840987,7.3,429
411,16,11.0903548889591,1.77445678223346,35.0903548889591,1.9,74
412,95,22.7693844580027,2.27693844580027,28.7693844580027,10.5,244
413,5,1.6094379124341,0.064377516497364,46.6094379124341,2.4,214
414,30,6.80239476332431,1.76862263846432,25.8023947633243,6.4,283
415,78,21.783544133448,0.435670882668959,51.783544133448,8.4,243
416,21,3.04452243772342,0.79157583380809,34.0445224377234,4.4,131
417,85,13.327953769471,0.533118150778838,50.327953769471,9.1,349
418,2,2.07944154167984,0.24953298500158,23.0794415416798,2.2,59
419,7,5.83773044716594,0.116754608943319,37.8377304471659,1,309
420,5,4.8283137373023,0.193132549492092,28.8283137373023,2.6,361
421,15,2.70805020110221,0.379127028154309,6.70805020110221,2,359
422,55,4.00733318523247,0.480879982227897,31.0073331852325,13,445
423,60,20.4717228111105,7.77925466822199,50.4717228111105,13.4,66
424,2,0.693147180559945,0.0138629436111989,46.6931471805599,0.4,189
425,98,4.58496747867057,1.10039219488094,53.5849674786706,10.7,479
426,24,12.7122153213918,4.06790890284537,50.7122153213918,6.4,222
427,68,8.43901541035221,1.18146215744931,47.4390154103522,14.4,89
428,1,0,0,19,1,493
429,62,4.12713438504509,0.0825426877009018,26.1271343850451,6.4,495
430,14,13.1952866480763,2.37515159665373,41.1952866480763,4.4,404
431,59,16.3101497756229,4.24063894166195,49.3101497756229,12.4,60
432,76,17.3229333611453,6.92917334445813,18.3229333611453,16,120
433,92,4.52178857704904,0.271307314622942,23.521788577049,20.4,257
434,41,18.5678603335215,4.8276436867156,59.5678603335215,5.1,46
435,70,8.49699048409872,0.169939809681974,10.4969904840987,7.5,386
436,99,22.9755992506729,5.05463183514805,41.9755992506729,21.8,307
437,96,9.12869638293567,2.55603498722199,29.1286963829357,20.6,84
438,52,3.95124371858143,0.158049748743257,29.9512437185814,10.6,15
439,19,2.94443897916644,0.647776575416617,25.9444389791664,5.2,160
440,2,2.07944154167984,0.665421293337547,12.0794415416798,0.8,263
441,11,11.9894763639919,2.39789527279837,33.9894763639919,1.2,127
442,2,0.693147180559945,0.263395928612779,11.6931471805599,0.6,42
443,24,15.8902691517397,1.27122153213918,64.8902691517397,3.2,434
444,44,15.136758535673,2.42188136570769,17.136758535673,10.4,81
445,28,13.3288180407008,1.5994581648841,25.3288180407008,2.9,490
446,69,21.1705325229863,0.423410650459726,49.1705325229863,7,340
447,70,12.7454857261481,5.09819429045923,31.7454857261481,16,213
448,36,10.7505568153683,2.15011136307367,54.7505568153683,8.8,54
449,28,16.661022550876,2.99898405915768,48.661022550876,3.7,200
450,1,0,0,13,2,471
451,88,17.9093472579128,3.58186945158257,65.9093472579128,18.2,6
452,63,16.5725389055661,3.64595855922455,49.5725389055661,6.8,382
453,68,16.8780308207044,5.06340924621133,54.8780308207044,7.4,105
454,31,17.1699360224257,2.06039232269109,37.1699360224257,3.3,229
455,5,6.4377516497364,1.93132549492092,33.4377516497364,1.4,197
456,76,4.33073334028633,1.2992200020859,17.3307333402863,17,334
457,69,16.936426018389,5.41965632588449,64.936426018389,7.9,14
458,20,5.99146454710798,2.15692723695887,39.991464547108,4.6,220
459,4,4.15888308335967,1.16448726334071,41.1588830833597,2.6,350
460,96,18.2573927658713,6.57266139571368,45.2573927658713,10.1,139
461,72,12.8299983570482,2.8225996385506,55.8299983570482,15.2,378
462,41,3.71357206670431,0.222814324002258,45.7135720667043,9.2,174
463,65,4.17438726989564,0.834877453979127,21.1743872698956,6.8,3
464,32,10.3972077083992,1.45560907917589,45.3972077083992,7.6,28
465,88,4.47733681447821,0.358186945158257,40.4773368144782,9.4,395
466,25,3.2188758248682,0.836907714465732,26.2188758248682,2.8,363
467,18,5.78074351579233,1.38737844379016,13.7807435157923,2.7,460
468,100,13.8155105579643,3.59203274507071,21.8155105579643,10.6,313
469,7,3.89182029811063,0.389182029811063,17.8918202981106,2,124
470,36,17.9175946922805,6.450334089221,36.9175946922805,3.8,40
471,26,9.77428961406445,0.390971584562578,48.7742896140644,7.2,441
472,30,13.6047895266486,3.26514948639567,16.6047895266486,8,99
473,3,5.49306144334055,2.08736334846941,42.4930614433406,0.9,372
474,10,6.90775527898214,1.10524084463714,8.90775527898214,3.4,97
475,7,7.78364059622125,2.64643780271523,24.7836405962213,3.2,158
476,48,19.3560050545395,3.09696080872631,67.3560050545395,5.5,308
477,56,4.02535169073515,0.161014067629406,50.0253516907351,5.7,450
478,18,8.67111527368849,1.7342230547377,41.6711152736885,4.6,245
479,78,13.0701264800688,4.70524553282476,53.0701264800688,8.1,274
480,87,22.3295405932729,5.80568055425096,72.3295405932729,9.5,406
481,89,22.4431818486607,8.97727273946428,72.4431818486607,19.2,157
482,21,3.04452243772342,0.852466282562558,27.0445224377234,2.6,116
483,83,4.4188406077966,0.795391309403388,41.4188406077966,17.6,106
484,59,4.07753744390572,1.1417104842936,41.0775374439057,6.4,428
485,13,10.2597974298461,2.66754733176,42.2597974298461,2.2,112
486,97,22.8735548925169,3.20229768495237,55.8735548925169,20,33
487,86,4.45434729625351,1.42539113480112,20.4543472962535,9.1,469
488,47,3.85014760171006,1.30905018458142,25.8501476017101,5.4,212
489,91,9.0217190130337,0.90217190130337,48.0217190130337,9.8,65
490,5,3.2188758248682,1.09441778045519,40.2188758248682,0.7,236
491,53,7.94058382710424,0.952870059252509,56.9405838271042,5.7,102
492,53,15.8811676542085,0.952870059252509,37.8811676542085,12,425
493,11,7.19368581839511,2.15810574551853,44.1936858183951,3.6,322
494,57,20.2152563391728,3.6387461410511,64.2152563391728,11.6,419
495,76,4.33073334028633,0.866146668057266,43.3307333402863,8,140
496,61,8.22174772834662,3.28869909133865,30.2217477283466,13.2,193
497,63,12.4294041791746,4.72317358808635,42.4294041791746,6.9,183
498,70,16.9939809681974,6.11783314855108,54.9939809681974,15.8,465
499,3,5.49306144334055,1.75777966186898,35.4930614433406,0.8,277
500,82,13.2201577417928,0.793209464507566,31.2201577417928,17.4,1
